"batch_file","row_in_batch","key","pubmed_id","doi","title","year","journal","A_decision","A_confidence","A_labels","B_decision","B_confidence","B_labels","comparison_status","conflict_priority","provisional_decision","human_review_needed"
"reviewer_A_batch_01_rows_0001-0250.csv","246","rayyan-550686366","36284402","10.1016/j.jcmg.2022.06.006","Deep Learning of Coronary Calcium Scores From PET/CT Attenuation Maps Accurately Predicts Adverse Cardiovascular Events.","2023","JACC. Cardiovascular imaging","exclude","0.4","AI-ECG;DTA-data","exclude","0.15","AI-ECG;DTA-data","agreement","none","exclude","no"
"reviewer_A_batch_02rows0251-0500.csv","154","rayyan-550686524","40519001","10.1161/CIRCOUTCOMES.124.011656","Association Between Automated Coronary Artery Calcium From Routine Chest Computed Tomography Scans and Cardiovascular Risk in Patients With Colorectal or Gastric Cancer.","2025","Circulation. Cardiovascular quality and outcomes","exclude","0,35","AI-ECG","exclude","0,3","AI-ECG","agreement","none","exclude","no"
"reviewer_A_batch_03rows0501-0750.csv","76","rayyan-550686696","39699030","10.1002/clc.70035","Stratification of Early Arrhythmic Risk in Patients Admitted for Acute Coronary Syndrome: The Role of the Machine Learning-Derived ""PRAISE Score"".","2024","Clinical cardiology","exclude","0,15","AI-ECG;DTA-data","exclude","0,05","AI-ECG;DTA-data","agreement","none","exclude","no"
"reviewer_A_batch_03rows0501-0750.csv","121","rayyan-550686741","24111439","10.1109/EMBC.2013.6611252","Detection of myocardial ischemia episode using morphological features.","2013","Annual International Conference of the IEEE Engineering in Medicine and Biology           Society. IEEE Engineering in Medicine and Biology Society. Annual International            Conference","exclude","0,1","DTA-data","exclude","0","DTA-data","agreement","none","exclude","no"
"reviewer_A_batch_04rows0751-1000.csv","111","rayyan-550686983","23591470","10.1109/TBME.2013.2257772","Postinfarction ventricular tachycardia substrate characterization: a comparison between late enhancement magnetic resonance imaging and voltage mapping using an MR-guided electrophysiology system.","2013","IEEE transactions on bio-medical engineering","exclude","0,15","AI-ECG;DTA-data","exclude","0,05","AI-ECG;DTA-data","agreement","none","exclude","no"
"reviewer_A_batch_05rows1001-1250.csv","46","rayyan-550687168","40847485","10.1161/JAHA.125.041915","Using Machine Learning to Risk Stratify Emergency Department Patients With Chest Pain but No Acute Myocardial Infarction: A Multicenter Retrospective Analysis.","2025","Journal of the American Heart Association","exclude","0,4","AI-ECG;DTA-data","exclude","0,4","AI-ECG;DTA-data","agreement","none","exclude","no"
"reviewer_A_batch_05rows1001-1250.csv","99","rayyan-550687221","39653093","10.1016/j.tcm.2024.12.003","Advancing personalised care in atrial fibrillation and stroke: The potential impact of AI from prevention to rehabilitation.","2025","Trends in cardiovascular medicine","exclude","0,3","AI-ECG","exclude","0,2","AI-ECG","agreement","none","exclude","no"
"reviewer_A_batch_05rows1001-1250.csv","125","rayyan-550687247","32036110","10.1016/j.jelectrocard.2019.12.018","Detection of myocardial ischemia due to clinically asymptomatic coronary artery stenosis at rest using supervised artificial intelligence-enabled vectorcardiography - A five-fold cross validation of accuracy.","2020","Journal of electrocardiology","exclude","0,4","AI-ECG;DTA-data","exclude","0,4","AI-ECG;DTA-data","agreement","none","exclude","no"
"reviewer_A_batch_05rows1001-1250.csv","139","rayyan-550687261","29551228","10.1016/j.jelectrocard.2018.02.001","The association between reconstructed phase space and Artificial Neural Networks for vectorcardiographic recognition of myocardial infarction.","2018","Journal of electrocardiology","exclude","0,4","AI-ECG;DTA-data","exclude","0,4","AI-ECG;DTA-data","agreement","none","exclude","no"
"reviewer_A_batch_05rows1001-1250.csv","205","rayyan-550687327","38899146","10.1109/JTEHM.2024.3397739","Detection of Non-Sustained Supraventricular Tachycardia in Atrial Fibrillation Screening.","2024","IEEE journal of translational engineering in health and medicine","exclude","0,1","DTA-data","exclude","0","DTA-data","agreement","none","exclude","no"
"reviewer_A_batch_06rows1251-1500.csv","54","rayyan-550687426","22841167","10.1016/j.jtcvs.2012.06.052","Preoperative multidetector computed tomograpy angiography for planning of minimally invasive robotic mitral valve surgery: impact on decision making.","2013","The Journal of thoracic and cardiovascular surgery","exclude","0,4","Structural-heart-disease;DTA-data","exclude","0,45","Structural-heart-disease;DTA-data","agreement","none","exclude","no"
"reviewer_A_batch_06rows1251-1500.csv","89","rayyan-550687461","24111437","10.1109/EMBC.2013.6611250","Detection of myocardial scar from the VCG using a supervised learning approach.","2013","Annual International Conference of the IEEE Engineering in Medicine and Biology           Society. IEEE Engineering in Medicine and Biology Society. Annual International            Conference","exclude","0,15","AI-ECG;DTA-data","exclude","0,05","AI-ECG;DTA-data","agreement","none","exclude","no"
"reviewer_A_batch_06rows1251-1500.csv","137","rayyan-550687510","19250111","10.1111/j.1540-8159.2008.02226.x","Automated template matching to pinpoint the origin of right ventricular outflow tract tachycardia.","2009","Pacing and clinical electrophysiology : PACE","exclude","0,15","AI-ECG;DTA-data","exclude","0,05","AI-ECG;DTA-data","agreement","none","exclude","no"
"reviewer_A_batch_06rows1251-1500.csv","173","rayyan-550687546","39928932","10.2196/60888","Machine Learning in the Management of Patients Undergoing Catheter Ablation for Atrial Fibrillation: Scoping Review.","2025","Journal of medical Internet research","exclude","0","AI-ECG;DTA-data","exclude","0","AI-ECG;DTA-data","agreement","none","exclude","no"
"reviewer_A_batch_06rows1251-1500.csv","185","rayyan-550687558","16871714","10.1109/titb.2006.876033","Diagnosing old MI by searching for a linear boundary in the space of principal components.","2006","IEEE transactions on information technology in biomedicine : a publication of the           IEEE Engineering in Medicine and Biology Society","exclude","0,4","AI-ECG;DTA-data","exclude","0,4","AI-ECG;DTA-data","agreement","none","exclude","no"
"reviewer_A_batch_06rows1251-1500.csv","189","rayyan-550687562","17921587","10.1088/0031-9155/52/20/015","A stochastic approach for automatic registration and fusion of left atrial electroanatomic maps with 3D CT anatomical images.","2007","Physics in medicine and biology","exclude","0,15","AI-ECG;DTA-data","exclude","0,05","AI-ECG;DTA-data","agreement","none","exclude","no"
"reviewer_A_batch_06rows1251-1500.csv","202","rayyan-550687575","15170716","10.1002/ccd.10750","Validation of a thermographic guidewire for endoluminal mapping of atherosclerotic disease: an in vitro study.","2004","Catheterization and cardiovascular interventions : official journal of the           Society for Cardiac Angiography & Interventions","exclude","0,4","AI-ECG;DTA-data","exclude","0,4","AI-ECG;DTA-data","agreement","none","exclude","no"
"reviewer_A_batch_06rows1251-1500.csv","208","rayyan-550687581","37950179","10.1186/s12911-023-02347-5","Machine learning-based risk models for procedural complications of radiofrequency ablation for atrial fibrillation.","2023","BMC medical informatics and decision making","exclude","0,15","AI-ECG;DTA-data","exclude","0,05","AI-ECG;DTA-data","agreement","none","exclude","no"
"reviewer_A_batch_06rows1251-1500.csv","223","rayyan-550687596","25485420","10.1007/978-3-319-10470-6_66","Variational Bayesian electrophysiological imaging of myocardial infarction.","2014","Medical image computing and computer-assisted intervention : MICCAI ...           International Conference on Medical Image Computing and Computer-Assisted            Intervention","exclude","0,15","AI-ECG;DTA-data","exclude","0,05","AI-ECG;DTA-data","agreement","none","exclude","no"
"reviewer_A_batch_06rows1251-1500.csv","225","rayyan-550687598","16138921","10.1186/1475-925X-4-51","Mining for diagnostic information in body surface potential maps: a comparison of feature selection techniques.","2005","Biomedical engineering online","exclude","0,4","AI-ECG;DTA-data","exclude","0,4","AI-ECG;DTA-data","agreement","none","exclude","no"
"reviewer_A_batch_06rows1251-1500.csv","230","rayyan-550687603","18393956","10.1111/j.1540-8167.2008.01153.x","Consistency of the CFAE phenomena using custom software for automated detection of complex fractionated atrial electrograms (CFAEs) in the left atrium during atrial fibrillation.","2008","Journal of cardiovascular electrophysiology","exclude","0,15","AI-ECG;DTA-data","exclude","0,05","AI-ECG;DTA-data","agreement","none","exclude","no"
"reviewer_A_batch_06rows1251-1500.csv","242","rayyan-550687615","38350188","10.1016/j.cmpb.2024.108052","Non-invasive estimation of atrial fibrillation driver position using long-short term memory neural networks and body surface potentials.","2024","Computer methods and programs in biomedicine","exclude","0,15","AI-ECG;DTA-data","exclude","0,05","AI-ECG;DTA-data","agreement","none","exclude","no"
"reviewer_A_batch_06rows1251-1500.csv","250","rayyan-550687623","23636870","10.1007/s10840-013-9791-9","First experience with a novel robotic remote catheter system: Amigo mapping trial.","2013","Journal of interventional cardiac electrophysiology : an international journal of           arrhythmias and pacing","exclude","0","DTA-data","exclude","0","DTA-data","agreement","none","exclude","no"
"reviewer_A_batch_07rows1501-1750.csv","3","rayyan-550687626","11178295","","Robotically enhanced totally endoscopic right internal thoracic coronary artery bypass to the right coronary artery.","2000","The heart surgery forum","exclude","0,35","DTA-data","exclude","0,35","DTA-data","agreement","none","exclude","no"
"reviewer_A_batch_07rows1501-1750.csv","4","rayyan-550687627","23728128","10.5830/CVJA-2013-008","Robotically assisted ventricular tachycardia substrate modification ablation with the novel Lynx(TM) integrated sheath and RF ablation catheter.","2013","Cardiovascular journal of Africa","exclude","0,1","DTA-data","exclude","0","DTA-data","agreement","none","exclude","no"
"reviewer_A_batch_07rows1501-1750.csv","8","rayyan-550687631","18979848","10.1007/978-3-540-85988-8_124","Noninvasive functional imaging of volumetric cardiac electrical activity: a human study on myocardial infarction.","2008","Medical image computing and computer-assisted intervention : MICCAI ...           International Conference on Medical Image Computing and Computer-Assisted            Intervention","exclude","0,15","AI-ECG;DTA-data","exclude","0,05","AI-ECG;DTA-data","agreement","none","exclude","no"
"reviewer_A_batch_07rows1501-1750.csv","16","rayyan-550687639","41663932","10.1186/s12874-026-02773-9","Dynamic prediction of paroxysmal atrial fibrillation onset using longitudinal sample entropy in joint models.","2026","BMC medical research methodology","exclude","0,15","AI-ECG;DTA-data","exclude","0,05","AI-ECG;DTA-data","agreement","none","exclude","no"
"reviewer_A_batch_07rows1501-1750.csv","45","rayyan-550687668","41354230","10.1016/j.hrthm.2025.12.008","Development and validation of a novel machine learning-based algorithm to predict incident atrial fibrillation: A multicohort analysis.","2026","Heart rhythm","exclude","0,15","AI-ECG;DTA-data","exclude","0,05","AI-ECG;DTA-data","agreement","none","exclude","no"
"reviewer_A_batch_07rows1501-1750.csv","51","rayyan-550687674","39152263","10.1007/s00246-024-03614-6","Patient Driven EKG Device Performance in Adults with Fontan Palliation.","2025","Pediatric cardiology","exclude","0,1","DTA-data","exclude","0","DTA-data","agreement","none","exclude","no"
"reviewer_A_batch_07rows1501-1750.csv","67","rayyan-550687690","24269265","10.1016/j.jcmg.2013.08.008","Iterative reconstruction to preserve image quality and diagnostic accuracy at reduced radiation dose in coronary CT angiography: an intraindividual comparison.","2013","JACC. Cardiovascular imaging","exclude","0,2","AI-ECG;DTA-data","exclude","0,15","AI-ECG;DTA-data","agreement","none","exclude","no"
"reviewer_A_batch_07rows1501-1750.csv","94","rayyan-550687717","39576988","10.2196/63795","Using Machine Learning to Predict the Duration of Atrial Fibrillation: Model Development and Validation.","2024","JMIR medical informatics","exclude","0,15","AI-ECG;DTA-data","exclude","0,05","AI-ECG;DTA-data","agreement","none","exclude","no"
"reviewer_A_batch_07rows1501-1750.csv","112","rayyan-550687735","40592173","10.1016/j.compbiomed.2025.110597","Empowering heart attack treatment for women through machine learning and optimization techniques.","2025","Computers in biology and medicine","exclude","0,4","AI-ECG;DTA-data","exclude","0,4","AI-ECG;DTA-data","agreement","none","exclude","no"
"reviewer_A_batch_07rows1501-1750.csv","142","rayyan-550687765","35357893","10.1259/bjr.20211274","Machine-learning-based radiomics identifies atrial fibrillation on the epicardial fat in contrast-enhanced and non-enhanced chest CT.","2022","The British journal of radiology","exclude","0,15","AI-ECG;DTA-data","exclude","0,05","AI-ECG;DTA-data","agreement","none","exclude","no"
"reviewer_A_batch_07rows1501-1750.csv","149","rayyan-550687772","41581009","10.1097/MCC.0000000000001359","Diagnosis of occlusion myocardial infarction.","2026","Current opinion in critical care","exclude","0,35","DTA-data","exclude","0,35","DTA-data","agreement","none","exclude","no"
"reviewer_A_batch_07rows1501-1750.csv","163","rayyan-550687786","36329593","10.12122/j.issn.1673-4254.2022.10.18","[Application of wearable 12-lead electrocardiogram devices in pre-hospital diagnosis of acute ST segment elevation myocardial infarction].","2022","Nan fang yi ke da xue xue bao = Journal of Southern Medical University","exclude","0,1","DTA-data","exclude","0","DTA-data","agreement","none","exclude","no"
"reviewer_A_batch_07rows1501-1750.csv","184","rayyan-550687807","22404027","","[Application of fuzzy reasoning to myocardial ischemia judgment based on electrocardiogram ST-T complex].","2012","Sheng wu yi xue gong cheng xue za zhi = Journal of biomedical engineering =           Shengwu yixue gongchengxue zazhi","exclude","0,35","DTA-data","exclude","0,35","DTA-data","agreement","none","exclude","no"
"reviewer_A_batch_07rows1501-1750.csv","242","rayyan-550687865","38008732","10.1186/s12968-023-00978-1","The Nottingham Ischaemic Cardiovascular Magnetic Resonance resource (NotIs CMR): a prospective paired clinical and imaging scar database-protocol.","2023","Journal of cardiovascular magnetic resonance : official journal of the Society           for Cardiovascular Magnetic Resonance","exclude","0,2","AI-ECG;DTA-data","exclude","0,15","AI-ECG;DTA-data","agreement","none","exclude","no"
"reviewer_A_batch_08rows1751-2000.csv","16","rayyan-550687889","39558448","10.1111/jce.16496","Five Criteria Predict Induction and Ablation of Supraventricular Tachycardia.","2025","Journal of cardiovascular electrophysiology","exclude","0,1","DTA-data","exclude","0","DTA-data","agreement","none","exclude","no"
"reviewer_A_batch_08rows1751-2000.csv","49","rayyan-550687922","27480743","10.1016/j.cmpb.2016.07.016","Paroxysmal atrial fibrillation prediction method with shorter HRV sequences.","2016","Computer methods and programs in biomedicine","exclude","0,15","AI-ECG;DTA-data","exclude","0,05","AI-ECG;DTA-data","agreement","none","exclude","no"
"reviewer_A_batch_08rows1751-2000.csv","82","rayyan-550687955","24473507","10.6061/clinics/2013(12)05","The involvement of multiple thrombogenic and atherogenic markers in premature coronary artery disease.","2013","Clinics (Sao Paulo, Brazil)","exclude","0,4","AI-ECG;DTA-data","exclude","0,4","AI-ECG;DTA-data","agreement","none","exclude","no"
"reviewer_A_batch_08rows1751-2000.csv","113","rayyan-550687986","37222916","10.1007/s11886-023-01898-3","Sensitivity and Specificity of Wearables for Atrial Fibrillation in Elderly Populations: A Systematic Review.","2023","Current cardiology reports","exclude","0","DTA-data","exclude","0","DTA-data","agreement","none","exclude","no"
"reviewer_A_batch_08rows1751-2000.csv","131","rayyan-550688005","20803061","10.1007/s10840-010-9508-2","Introduction of an expert system for the discrimination of local pulmonary vein and atrial far field signals.","2010","Journal of interventional cardiac electrophysiology : an international journal of           arrhythmias and pacing","exclude","0,15","AI-ECG;DTA-data","exclude","0,05","AI-ECG;DTA-data","agreement","none","exclude","no"
"reviewer_A_batch_08rows1751-2000.csv","181","rayyan-550688055","18675224","10.1016/j.hrthm.2008.04.021","Standardization and validation of an automated algorithm to identify fractionation as a guide for atrial fibrillation ablation.","2008","Heart rhythm","exclude","0,15","AI-ECG;DTA-data","exclude","0,05","AI-ECG;DTA-data","agreement","none","exclude","no"
"reviewer_A_batch_09rows2001-2250.csv","123","rayyan-550688248","31180747","10.1161/CIRCULATIONAHA.119.039598","The QT Interval.","2019","Circulation","exclude","0,35","DTA-data","exclude","0,35","DTA-data","agreement","none","exclude","no"
"reviewer_A_batch_09rows2001-2250.csv","137","rayyan-550688262","27247002","10.1093/europace/euw105","Ablation index, a novel marker of ablation lesion quality: prediction of pulmonary vein reconnection at repeat electrophysiology study and regional differences in target values.","2017","Europace : European pacing, arrhythmias, and cardiac electrophysiology : journal           of the working groups on cardiac pacing, arrhythmias, and cardiac cellular            electrophysiology of the European Society of Cardiology","exclude","0,15","AI-ECG;DTA-data","exclude","0,05","AI-ECG;DTA-data","agreement","none","exclude","no"
"reviewer_A_batch_09rows2001-2250.csv","156","rayyan-550688281","23439867","10.1093/europace/eut036","Tachycardia detection performance of implantable loop recorders: results from a large 'real-life' patient cohort and patients with induced ventricular arrhythmias.","2013","Europace : European pacing, arrhythmias, and cardiac electrophysiology : journal           of the working groups on cardiac pacing, arrhythmias, and cardiac cellular            electrophysiology of the European Society of Cardiology","exclude","0,1","DTA-data","exclude","0","DTA-data","agreement","none","exclude","no"
"reviewer_A_batch_09rows2001-2250.csv","193","rayyan-550688318","41120030","10.1016/j.tcm.2025.10.006","Acute coronary-occlusion myocardial infarctions: performance of the STEMI criteria and evolving alternative approaches.","2026","Trends in cardiovascular medicine","exclude","0,35","DTA-data","exclude","0,35","DTA-data","agreement","none","exclude","no"
"reviewer_A_batch_09rows2001-2250.csv","196","rayyan-550688321","24277914","10.1177/0003319713511849","Apolipoprotein B/apolipoprotein A-I ratio and apolipoprotein B: long-term predictors of myocardial infarction in initially healthy middle-aged men--a 13-year follow-up.","2014","Angiology","exclude","0,35","DTA-data","exclude","0,35","DTA-data","agreement","none","exclude","no"
"reviewer_A_batch_09rows2001-2250.csv","211","rayyan-550688336","25678600","10.1093/europace/euu375","Potential eligibility of congenital heart disease patients for subcutaneous implantable cardioverter-defibrillator based on surface electrocardiogram mapping.","2015","Europace : European pacing, arrhythmias, and cardiac electrophysiology : journal           of the working groups on cardiac pacing, arrhythmias, and cardiac cellular            electrophysiology of the European Society of Cardiology","exclude","0,1","DTA-data","exclude","0","DTA-data","agreement","none","exclude","no"
"reviewer_A_batch_09rows2001-2250.csv","236","rayyan-550688361","10691171","10.1016/s0022-0736(00)80097-7","Positional changes of spatial QRS- and ST-segment variables in normal subjects: implications for continuous vectorcardiography monitoring during myocardial ischemia.","2000","Journal of electrocardiology","exclude","0,4","AI-ECG;DTA-data","exclude","0,4","AI-ECG;DTA-data","agreement","none","exclude","no"
"reviewer_A_batch_10rows2251-2500.csv","34","rayyan-550688409","19162616","10.1109/IEMBS.2008.4649113","A sensitive algorithm for automatic detection of space-time alternating signals in cardiac tissue.","2008","Annual International Conference of the IEEE Engineering in Medicine and Biology           Society. IEEE Engineering in Medicine and Biology Society. Annual International            Conference","exclude","0,15","AI-ECG;DTA-data","exclude","0,05","AI-ECG;DTA-data","agreement","none","exclude","no"
"reviewer_A_batch_10rows2251-2500.csv","96","rayyan-550688471","12757200","10.1114/1.1567281","A single equivalent moving dipole model: an efficient approach for localizing sites of origin of ventricular electrical activation.","2003","Annals of biomedical engineering","exclude","0,15","AI-ECG;DTA-data","exclude","0,05","AI-ECG;DTA-data","agreement","none","exclude","no"
"reviewer_A_batch_10rows2251-2500.csv","124","rayyan-550688500","28364320","10.1007/s10840-017-0244-8","Repetitive atrial activation during ongoing atrial fibrillation-comparison using different mapping algorithms: preliminary findings.","2017","Journal of interventional cardiac electrophysiology : an international journal of           arrhythmias and pacing","exclude","0,15","AI-ECG;DTA-data","exclude","0,05","AI-ECG;DTA-data","agreement","none","exclude","no"
"reviewer_A_batch_10rows2251-2500.csv","128","rayyan-550688504","26814840","10.1007/s10840-016-0105-x","Respiratory gating algorithm helps to reconstruct more accurate electroanatomical maps during atrial fibrillation ablation performed under spontaneous respiration.","2016","Journal of interventional cardiac electrophysiology : an international journal of           arrhythmias and pacing","exclude","0,15","AI-ECG;DTA-data","exclude","0,05","AI-ECG;DTA-data","agreement","none","exclude","no"
"reviewer_A_batch_10rows2251-2500.csv","144","rayyan-550688520","26842123","10.1093/europace/euv244","Effect of the electrograms density in detecting and ablating the tip of the rotor during chronic atrial fibrillation: an in silico study.","2015","Europace : European pacing, arrhythmias, and cardiac electrophysiology : journal           of the working groups on cardiac pacing, arrhythmias, and cardiac cellular            electrophysiology of the European Society of Cardiology","exclude","0,15","AI-ECG;DTA-data","exclude","0,05","AI-ECG;DTA-data","agreement","none","exclude","no"
"reviewer_A_batch_10rows2251-2500.csv","150","rayyan-550688526","19470038","10.1111/j.1540-8167.2009.01488.x","Dominant frequency mapping of atrial fibrillation: comparison of contact and noncontact approaches.","2009","Journal of cardiovascular electrophysiology","exclude","0,15","AI-ECG;DTA-data","exclude","0,05","AI-ECG;DTA-data","agreement","none","exclude","no"
"reviewer_A_batch_10rows2251-2500.csv","156","rayyan-550688532","16895769","10.1016/j.jelectrocard.2005.12.006","A simple algorithm for defining the mechanism and the chamber of origin in atrial tachycardias.","2006","Journal of electrocardiology","exclude","0,15","AI-ECG;DTA-data","exclude","0,05","AI-ECG;DTA-data","agreement","none","exclude","no"
"reviewer_A_batch_10rows2251-2500.csv","168","rayyan-550688544","40237974","10.1007/s10840-025-02045-4","Integration of automated peak frequency annotation with voltage mapping for identifying ventricular tachycardia ablation sites.","2025","Journal of interventional cardiac electrophysiology : an international journal of           arrhythmias and pacing","exclude","0,15","AI-ECG;DTA-data","exclude","0,05","AI-ECG;DTA-data","agreement","none","exclude","no"
"reviewer_A_batch_10rows2251-2500.csv","179","rayyan-550688555","23437794","10.1111/pace.12095","Comparison of electroanatomical mapping systems: accuracy in left atrial mapping.","2013","Pacing and clinical electrophysiology : PACE","exclude","0,15","AI-ECG;DTA-data","exclude","0,05","AI-ECG;DTA-data","agreement","none","exclude","no"
"reviewer_A_batch_10rows2251-2500.csv","213","rayyan-550688589","19162724","10.1109/IEMBS.2008.4649221","Usage of cardiac simulation results in source localization of focal epicardial arrhythmias using statistical estimation.","2008","Annual International Conference of the IEEE Engineering in Medicine and Biology           Society. IEEE Engineering in Medicine and Biology Society. Annual International            Conference","exclude","0,15","AI-ECG;DTA-data","exclude","0,05","AI-ECG;DTA-data","agreement","none","exclude","no"
"reviewer_A_batch_10rows2251-2500.csv","222","rayyan-550688598","12374332","10.1109/TBME.2002.803516","Use of topological charge to determine filament location and dynamics in a numerical model of scroll wave activity.","2002","IEEE transactions on bio-medical engineering","exclude","0,4","AI-ECG;DTA-data","exclude","0,4","AI-ECG;DTA-data","agreement","none","exclude","no"
"reviewer_A_batch_11rows2501-2750.csv","86","rayyan-550688713","40220757","10.1016/j.medj.2025.100668","Clinician-artificial intelligence collaboration: A win-win solution for efficiency and reliability in atrial fibrillation diagnosis.","2025","Med (New York, N.Y.)","exclude","0,15","AI-ECG;DTA-data","exclude","0,05","AI-ECG;DTA-data","agreement","none","exclude","no"
"reviewer_A_batch_11rows2501-2750.csv","103","rayyan-550688730","4067105","10.1016/s0735-1097(85)80213-8","Electrocardiographic findings in acute right ventricular infarction: sensitivity and specificity of electrocardiographic alterations in right precordial leads V4R, V3R, V1, V2, and V3.","1985","Journal of the American College of Cardiology","exclude","0,35","DTA-data","exclude","0,35","DTA-data","agreement","none","exclude","no"
"reviewer_A_batch_11rows2501-2750.csv","236","rayyan-550688863","39638855","10.1038/s41598-024-81983-x","Monitoring individualized glucose levels predicts risk for bradycardia in type 2 diabetes patients with chronic kidney disease: a pilot study.","2024","Scientific reports","exclude","0,1","DTA-data","exclude","0","DTA-data","agreement","none","exclude","no"
"reviewer_A_batch_12rows2751-3000.csv","91","rayyan-550688969","28422337","10.1111/jce.13224","In vivo validation of a novel algorithm for automatic premature ventricular contractions recognition.","2017","Journal of cardiovascular electrophysiology","exclude","0,4","AI-ECG;DTA-data","exclude","0,4","AI-ECG;DTA-data","agreement","none","exclude","no"
"reviewer_A_batch_12rows2751-3000.csv","95","rayyan-550688973","33958172","10.1016/j.jcin.2021.03.010","Validation of the 2019 Expert Consensus Algorithm for the Management of Conduction Disturbances After TAVR.","2021","JACC. Cardiovascular interventions","exclude","0,4","AI-ECG;DTA-data","exclude","0,4","AI-ECG;DTA-data","agreement","none","exclude","no"
"reviewer_A_batch_12rows2751-3000.csv","166","rayyan-550689044","12930248","10.1046/j.1540-8167.2003.03074.x","Discrimination of left atrial and pulmonary vein potentials in patients with paroxysmal atrial fibrillation.","2003","Journal of cardiovascular electrophysiology","exclude","0,15","AI-ECG;DTA-data","exclude","0,05","AI-ECG;DTA-data","agreement","none","exclude","no"
"reviewer_A_batch_12rows2751-3000.csv","173","rayyan-550689051","32540026","10.1053/j.semnuclmed.2020.03.005","Imaging and Quantification of Cardiac Sarcoidosis.","2020","Seminars in nuclear medicine","exclude","0,4","AI-ECG;DTA-data","exclude","0,4","AI-ECG;DTA-data","agreement","none","exclude","no"
"reviewer_A_batch_12rows2751-3000.csv","206","rayyan-550689084","11475829","10.1046/j.1460-9592.2001.01118.x","Comparison of two diagnostic algorithms for regular broad complex tachycardia by decision theory analysis.","2001","Pacing and clinical electrophysiology : PACE","exclude","0,15","AI-ECG;DTA-data","exclude","0,05","AI-ECG;DTA-data","agreement","none","exclude","no"
"reviewer_A_batch_12rows2751-3000.csv","209","rayyan-550689087","39826638","10.1016/j.hrthm.2025.01.009","Peak frequency analysis and functional substrate mapping to predict critical isthmus of atypical atrial tachycardia: Findings from a novel automated annotation algorithm to detect near-field signals.","2025","Heart rhythm","exclude","0,4","AI-ECG;DTA-data","exclude","0,4","AI-ECG;DTA-data","agreement","none","exclude","no"
"reviewer_A_batch_12rows2751-3000.csv","217","rayyan-550689095","37852563","10.1016/j.hrthm.2023.10.014","A novel automated peak frequency annotation algorithm for identifying deceleration zones and ventricular tachycardia ablation sites.","2024","Heart rhythm","exclude","0,15","AI-ECG;DTA-data","exclude","0,05","AI-ECG;DTA-data","agreement","none","exclude","no"
"reviewer_A_batch_12rows2751-3000.csv","230","rayyan-550689108","39396602","10.1016/j.hrthm.2024.10.015","Unipolar voltage electroanatomic mapping detects structural atrial remodeling identified by LGE-MRI.","2025","Heart rhythm","exclude","0,15","AI-ECG;DTA-data","exclude","0,05","AI-ECG;DTA-data","agreement","none","exclude","no"
"reviewer_A_batch_13rows3001-3250.csv","17","rayyan-550689145","30230079","10.1111/jce.13742","Characterization and significance of localized sources identified by a novel automated algorithm during mapping of human persistent atrial fibrillation.","2018","Journal of cardiovascular electrophysiology","exclude","0,15","AI-ECG;DTA-data","exclude","0,05","AI-ECG;DTA-data","agreement","none","exclude","no"
"reviewer_A_batch_13rows3001-3250.csv","54","rayyan-550689182","24235119","10.1109/JBHI.2013.2243842","Multiscale adaptive basis function modeling of spatiotemporal vectorcardiogram signals.","2013","IEEE journal of biomedical and health informatics","exclude","0,4","AI-ECG;DTA-data","exclude","0,4","AI-ECG;DTA-data","agreement","none","exclude","no"
"reviewer_A_batch_13rows3001-3250.csv","76","rayyan-550689204","30195579","10.1016/j.compbiomed.2018.08.025","Measuring defibrillator surface potentials: The validation of a predictive defibrillation computer model.","2018","Computers in biology and medicine","exclude","0,15","AI-ECG;DTA-data","exclude","0,05","AI-ECG;DTA-data","agreement","none","exclude","no"
"reviewer_A_batch_13rows3001-3250.csv","104","rayyan-550689233","36040933","10.1109/TBME.2022.3202962","Automated Localization of Myocardial Infarction From Vectorcardiographic via Tensor Decomposition.","2023","IEEE transactions on bio-medical engineering","exclude","0,3","AI-ECG","exclude","0,3","AI-ECG","agreement","none","exclude","no"
"reviewer_A_batch_13rows3001-3250.csv","110","rayyan-550689239","31366278","10.1161/CIRCRESAHA.119.314930","Instantaneous Amplitude and Frequency Modulations Detect the Footprint of Rotational Activity and Reveal Stable Driver Regions as Targets for Persistent Atrial Fibrillation Ablation.","2019","Circulation research","exclude","0,15","AI-ECG;DTA-data","exclude","0,05","AI-ECG;DTA-data","agreement","none","exclude","no"
"reviewer_A_batch_13rows3001-3250.csv","111","rayyan-550689240","23373588","10.1111/jce.12075","Noninvasive panoramic mapping of human atrial fibrillation mechanisms: a feasibility report.","2013","Journal of cardiovascular electrophysiology","exclude","0,15","AI-ECG;DTA-data","exclude","0,05","AI-ECG;DTA-data","agreement","none","exclude","no"
"reviewer_A_batch_13rows3001-3250.csv","135","rayyan-550689264","41118045","10.1007/s10840-025-02150-4","Validation of an automated premature ventricular contraction mapping algorithm.","2026","Journal of interventional cardiac electrophysiology : an international journal of           arrhythmias and pacing","exclude","0,15","AI-ECG;DTA-data","exclude","0,05","AI-ECG;DTA-data","agreement","none","exclude","no"
"reviewer_A_batch_13rows3001-3250.csv","150","rayyan-550689279","17018355","10.1016/j.hrthm.2006.06.009","Automatic mapping of human atrial fibrillation by template matching.","2006","Heart rhythm","exclude","0,15","AI-ECG;DTA-data","exclude","0,05","AI-ECG;DTA-data","agreement","none","exclude","no"
"reviewer_A_batch_13rows3001-3250.csv","165","rayyan-550689294","39630356","10.1007/s10840-024-01943-3","Open window mapping with extended early meets late algorithm vs. conventional mapping for accessory pathway ablation.","2025","Journal of interventional cardiac electrophysiology : an international journal of           arrhythmias and pacing","exclude","0,15","AI-ECG;DTA-data","exclude","0,05","AI-ECG;DTA-data","agreement","none","exclude","no"
"reviewer_A_batch_13rows3001-3250.csv","169","rayyan-550689298","32064900","10.1161/CIRCEP.119.008237","Granger Causality-Based Analysis for Classification of Fibrillation Mechanisms and Localization of Rotational Drivers.","2020","Circulation. Arrhythmia and electrophysiology","exclude","0,15","AI-ECG;DTA-data","exclude","0,05","AI-ECG;DTA-data","agreement","none","exclude","no"
"reviewer_A_batch_13rows3001-3250.csv","188","rayyan-550689317","32928523","10.1016/j.compbiomed.2020.103904","Characterization of atrial arrhythmias in body surface potential mapping: A computational study.","2020","Computers in biology and medicine","exclude","0,15","AI-ECG;DTA-data","exclude","0,05","AI-ECG;DTA-data","agreement","none","exclude","no"
"reviewer_A_batch_13rows3001-3250.csv","191","rayyan-550689320","39947997","10.1016/j.acvd.2024.12.012","Diagnosis of cancer therapy-related cardiovascular toxicities: A multimodality integrative approach and future developments.","2025","Archives of cardiovascular diseases","exclude","0,35","DTA-data","exclude","0,35","DTA-data","agreement","none","exclude","no"
"reviewer_A_batch_13rows3001-3250.csv","193","rayyan-550689322","15793187","10.2337/diacare.28.4.866","Coronary artery disease is common in nonuremic, asymptomatic type 1 diabetic islet transplant candidates.","2005","Diabetes care","exclude","0,4","AI-ECG;DTA-data","exclude","0,4","AI-ECG;DTA-data","agreement","none","exclude","no"
"reviewer_A_batch_13rows3001-3250.csv","197","rayyan-550689326","25946767","","A novel heart rate variability algorithm for the detection of myocardial ischemia: pilot data from a prospective clinical trial.","2015","The Israel Medical Association journal : IMAJ","exclude","0,4","AI-ECG;DTA-data","exclude","0,4","AI-ECG;DTA-data","agreement","none","exclude","no"
"reviewer_A_batch_13rows3001-3250.csv","199","rayyan-550689329","21817138","10.1161/STROKEAHA.111.621367","Self-reported atrial fibrillation and risk of stroke in the Reasons for Geographic and Racial Differences in Stroke (REGARDS) study.","2011","Stroke","exclude","0,3","AI-ECG","exclude","0,2","AI-ECG","agreement","none","exclude","no"
"reviewer_A_batch_13rows3001-3250.csv","204","rayyan-550689334","10935734","","[Diagnostic accuracy of exercise testing for diagnosis of coronary artery disease: the need for a critical review].","2000","Italian heart journal. Supplement : official journal of the Italian Federation of           Cardiology","exclude","0,4","AI-ECG;DTA-data","exclude","0,4","AI-ECG;DTA-data","agreement","none","exclude","no"
"reviewer_A_batch_13rows3001-3250.csv","207","rayyan-550689337","41512109","10.1093/europace/euag003","Computer-aided characterization of the arrhythmogenic substrate after myocardial infarction.","2026","Europace : European pacing, arrhythmias, and cardiac electrophysiology : journal           of the working groups on cardiac pacing, arrhythmias, and cardiac cellular            electrophysiology of the European Society of Cardiology","exclude","0,15","AI-ECG;DTA-data","exclude","0,05","AI-ECG;DTA-data","agreement","none","exclude","no"
"reviewer_A_batch_13rows3001-3250.csv","225","rayyan-550689355","25911117","10.1093/ehjci/jev103","Ultra-low-dose CT for left atrium and pulmonary veins imaging using new model-based iterative reconstruction algorithm.","2015","European heart journal. Cardiovascular Imaging","exclude","0,3","AI-ECG","exclude","0,2","AI-ECG","agreement","none","exclude","no"
"reviewer_A_batch_13rows3001-3250.csv","232","rayyan-550689362","30539411","10.1007/s11547-018-0964-6","Diagnostic efficacy of model-based iterative reconstruction algorithm in an assessment of coronary artery in comparison with standard hybrid-Iterative reconstruction algorithm: dose reduction and image quality.","2019","La Radiologia medica","exclude","0,35","AI-ECG","exclude","0,3","AI-ECG","agreement","none","exclude","no"
"reviewer_A_batch_13rows3001-3250.csv","236","rayyan-550689366","10502217","10.1016/s0002-8703(99)70186-9","The Goldman algorithm revisited: prospective evaluation of a computer-derived algorithm versus unaided physician judgment in suspected acute myocardial infarction.","1999","American heart journal","exclude","0,2","AI-ECG;DTA-data","exclude","0,15","AI-ECG;DTA-data","agreement","none","exclude","no"
"reviewer_A_batch_13rows3001-3250.csv","237","rayyan-550689368","24110605","10.1109/EMBC.2013.6610418","Adaptation of the contrast injection protocol to tube potential for cardiovascular computed tomography.","2013","Annual International Conference of the IEEE Engineering in Medicine and Biology           Society. IEEE Engineering in Medicine and Biology Society. Annual International            Conference","exclude","0,35","AI-ECG","exclude","0,3","AI-ECG","agreement","none","exclude","no"
"reviewer_A_batch_13rows3001-3250.csv","244","rayyan-550689375","22752461","10.1007/s00330-012-2525-z","Impact of iterative reconstruction on CNR and SNR in dynamic myocardial perfusion imaging in an animal model.","2012","European radiology","exclude","0,35","AI-ECG","exclude","0,3","AI-ECG","agreement","none","exclude","no"
"reviewer_A_batch_13rows3001-3250.csv","246","rayyan-550689377","10184885","","Outcomes research is the fifth discipline of the fifth generation of managed care: utility of a single troponin-T.","1998","Clinical laboratory management review : official publication of the Clinical           Laboratory Management Association","exclude","0,4","AI-ECG;DTA-data","exclude","0,4","AI-ECG;DTA-data","agreement","none","exclude","no"
"reviewer_A_batch_14rows3251-3500.csv","9","rayyan-550689390","22366557","10.1016/j.acra.2012.01.009","Low-dose, prospective triggered high-pitch spiral coronary computed tomography angiography: comparison with retrospective spiral technique.","2012","Academic radiology","exclude","0,2","AI-ECG;DTA-data","exclude","0,15","AI-ECG;DTA-data","agreement","none","exclude","no"
"reviewer_A_batch_14rows3251-3500.csv","12","rayyan-550689393","17848683","10.1148/radiol.2451061791","Coronary artery motion and cardiac phases: dependency on heart rate -- implications for CT image reconstruction.","2007","Radiology","exclude","0,4","AI-ECG;DTA-data","exclude","0,4","AI-ECG;DTA-data","agreement","none","exclude","no"
"reviewer_A_batch_14rows3251-3500.csv","16","rayyan-550689397","30630358","10.1161/CIRCOUTCOMES.118.005188","Impact of Food and Drug Administration Regulatory Approach on the 0/2-Hour Algorithm for Rapid Triage of Suspected Myocardial Infarction.","2019","Circulation. Cardiovascular quality and outcomes","exclude","0,3","AI-ECG","exclude","0,3","AI-ECG","agreement","none","exclude","no"
"reviewer_A_batch_14rows3251-3500.csv","22","rayyan-550689403","23917328","10.1097/RLI.0b013e31829e3932","Determining the radiation dose reduction potential for coronary calcium scanning with computed tomography: an anthropomorphic phantom study comparing filtered backprojection and the adaptive iterative dose reduction algorithm for image reconstruction.","2013","Investigative radiology","exclude","0,4","AI-ECG;DTA-data","exclude","0,4","AI-ECG;DTA-data","agreement","none","exclude","no"
"reviewer_A_batch_14rows3251-3500.csv","25","rayyan-550689406","11975766","10.1097/00132580-200101000-00004","The intermediate CCU admission: a preliminary study.","2001","Heart disease (Hagerstown, Md.)","exclude","0,4","AI-ECG;DTA-data","exclude","0,4","AI-ECG;DTA-data","agreement","none","exclude","no"
"reviewer_A_batch_14rows3251-3500.csv","162","rayyan-550689544","36058344","10.1016/j.cpcardiol.2022.101381","Comparing the Performance of Published Risk Scores in Brugada Syndrome: A Multi-center Cohort Study.","2022","Current problems in cardiology","exclude","0,15","AI-ECG;DTA-data","exclude","0,05","AI-ECG;DTA-data","agreement","none","exclude","no"
"reviewer_A_batch_14rows3251-3500.csv","175","rayyan-550689557","25890093","10.1186/s12968-015-0123-3","Age- and gender-related normal left ventricular deformation assessed by cardiovascular magnetic resonance feature tracking.","2015","Journal of cardiovascular magnetic resonance : official journal of the Society           for Cardiovascular Magnetic Resonance","exclude","0,35","AI-ECG","exclude","0,3","AI-ECG","agreement","none","exclude","no"
"reviewer_A_batch_14rows3251-3500.csv","195","rayyan-550689577","15508659","10.1097/01.ccm.0000134353.55378.88","Amplitude spectrum area: measuring the probability of successful defibrillation as applied to human data.","2004","Critical care medicine","exclude","0,4","AI-ECG;DTA-data","exclude","0,4","AI-ECG;DTA-data","agreement","none","exclude","no"
"reviewer_A_batch_14rows3251-3500.csv","196","rayyan-550689578","24527748","10.1111/pace.12367","Performance of an automatic arrhythmia classification algorithm: comparison to the ALTITUDE electrophysiologist panel adjudications.","2014","Pacing and clinical electrophysiology : PACE","exclude","0,15","AI-ECG;DTA-data","exclude","0,05","AI-ECG;DTA-data","agreement","none","exclude","no"
"reviewer_A_batch_14rows3251-3500.csv","209","rayyan-550689591","34219138","10.1093/eurheartj/ehab254","Functionally validated SCN5A variants allow interpretation of pathogenicity and prediction of lethal events in Brugada syndrome.","2021","European heart journal","exclude","0,4","AI-ECG;DTA-data","exclude","0,4","AI-ECG;DTA-data","agreement","none","exclude","no"
"reviewer_A_batch_14rows3251-3500.csv","223","rayyan-550689605","17383285","10.1016/j.ahj.2007.02.003","Long-term prognostic value and therapeutic implications of continuous ST-segment monitoring in acute coronary syndrome.","2007","American heart journal","exclude","0,4","AI-ECG;DTA-data","exclude","0,4","AI-ECG;DTA-data","agreement","none","exclude","no"
"reviewer_A_batch_14rows3251-3500.csv","230","rayyan-550689612","16386679","10.1016/j.jacc.2005.08.053","Imaging and quantification of myocardial perfusion using real-time three-dimensional echocardiography.","2006","Journal of the American College of Cardiology","exclude","0,2","AI-ECG;DTA-data","exclude","0,15","AI-ECG;DTA-data","agreement","none","exclude","no"
"reviewer_A_batch_14rows3251-3500.csv","234","rayyan-550689616","36679442","10.3390/s23020646","Development of Magnetocardiograph without Magnetically Shielded Room Using High-Detectivity TMR Sensors.","2023","Sensors (Basel, Switzerland)","exclude","0,15","AI-ECG;DTA-data","exclude","0,05","AI-ECG;DTA-data","agreement","none","exclude","no"
"reviewer_A_batch_14rows3251-3500.csv","242","rayyan-550689624","11195622","10.1002/clc.4960240103","Which fasting triglyceride levels best reflect coronary risk? Evidence from the Turkish Adult Risk Factor Study.","2001","Clinical cardiology","exclude","0,35","DTA-data","exclude","0,35","DTA-data","agreement","none","exclude","no"
"reviewer_A_batch_14rows3251-3500.csv","247","rayyan-550689630","31124704","10.1177/2048872619853521","Family history of coronary artery disease is associated with acute coronary syndrome in 28,188 chest pain patients.","2020","European heart journal. Acute cardiovascular care","exclude","0,35","DTA-data","exclude","0,35","DTA-data","agreement","none","exclude","no"
"reviewer_A_batch_14rows3251-3500.csv","248","rayyan-550689631","12456209","10.5858/2002-126-1487-PPVOAP","Positive predictive value of a point-of-care testing strategy on first-draw specimens for the emergency department-based detection of acute coronary syndromes.","2002","Archives of pathology & laboratory medicine","exclude","0,4","AI-ECG;DTA-data","exclude","0,4","AI-ECG;DTA-data","agreement","none","exclude","no"
"reviewer_A_batch_14rows3251-3500.csv","249","rayyan-550689632","41964511","10.1111/jce.70339","Clinical Prediction Model for Unsuccessful Left Bundle Branch Area Pacing.","2026","Journal of cardiovascular electrophysiology","exclude","0,4","AI-ECG;DTA-data","exclude","0,4","AI-ECG;DTA-data","agreement","none","exclude","no"
"reviewer_A_batch_15rows3501-3539.csv","9","rayyan-550689642","41514628","10.3390/cancers18010117","A TabNet-Based Multidimensional Deep Learning Model for Predicting Doxorubicin-Induced Cardiotoxicity in Breast Cancer Patients.","2025","Cancers","exclude","0,4","AI-ECG;DTA-data","exclude","0,4","AI-ECG;DTA-data","agreement","none","exclude","no"
"reviewer_A_batch_15rows3501-3539.csv","28","rayyan-550689661","36590711","10.1016/j.xjon.2022.10.005","Putative computed tomography scan-negative type A dissection.","2022","JTCVS open","exclude","0,1","DTA-data","exclude","0,1","DTA-data","agreement","none","exclude","no"
"reviewer_A_batch_15rows3501-3539.csv","37","rayyan-550689670","41198069","10.1097/CRD.0000000000001120","Inflammation-Driven Arrhythmias: Bridging Immunology and Electrophysiology.","2025","Cardiology in review","exclude","0,15","AI-ECG;DTA-data","exclude","0,05","AI-ECG;DTA-data","agreement","none","exclude","no"
